<?xml version="1.0" encoding="UTF-8"?>

<ActivityDefinition xmlns="http://hl7.org/fhir">
  <id value="IMMZ.DT.03.Polio.IPV.CR"/>
  <meta>
    <profile value="http://hl7.org/fhir/uv/cpg/StructureDefinition/cpg-immunizationactivity"/>
  </meta>
  <text>
    <status value="generated"/><div xmlns="http://www.w3.org/1999/xhtml"><p><b>Generated Narrative: ActivityDefinition</b><a name="IMMZ.DT.03.Polio.IPV.CR"> </a></p><div style="display: inline-block; background-color: #d9e0e7; padding: 6px; margin: 4px; border: 1px solid #8da1b4; border-radius: 5px; line-height: 60%"><p style="margin-bottom: 0px">Resource ActivityDefinition &quot;IMMZ.DT.03.Polio.IPV.CR&quot; </p><p style="margin-bottom: 0px">Profile: <code>http://hl7.org/fhir/uv/cpg/StructureDefinition/cpg-immunizationactivity</code></p></div><p><b>url</b>: <code>http://fhir.org/guides/who/smart-immunization/ActivityDefinition/IMMZ.DT.03.Polio.IPV.CR</code></p><p><b>version</b>: 0.1.0</p><p><b>title</b>: IMMZ.DT.03.Polio.bOPV.CR</p><p><b>status</b>: draft</p><p><b>experimental</b>: true</p><p><b>date</b>: 2023-03-28</p><p><b>publisher</b>: World Health Organization (WHO)</p><p><b>contact</b>: <a href="https://who.int">https://who.int</a></p><p><b>description</b>: Provide IPV immunizations reminder</p><p><b>jurisdiction</b>: Global (Whole world) <span style="background: LightGoldenRodYellow; margin: 4px; border: 1px solid khaki"> (m49.htm#001)</span></p><p><b>library</b>: <a href="Library-IMMZDT03.html">IMMZDT03</a></p><p><b>kind</b>: CommunicationRequest</p><p><b>code</b>: Administration of vaccine to produce active immunity <span style="background: LightGoldenRodYellow; margin: 4px; border: 1px solid khaki"> (<a href="https://browser.ihtsdotools.org/">SNOMED CT</a>#33879002)</span></p><p><b>intent</b>: proposal</p><p><b>doNotPerform</b>: false</p><blockquote><p><b>dynamicValue</b></p><p><b>path</b>: recipient</p><h3>Expressions</h3><table class="grid"><tr><td style="display: none">-</td><td><b>Description</b></td><td><b>Language</b></td><td><b>Expression</b></td></tr><tr><td style="display: none">*</td><td>The reminder recipient.</td><td>text/cql</td><td>Polio Reminder Recipient</td></tr></table></blockquote><blockquote><p><b>dynamicValue</b></p><p><b>path</b>: payload.contentAttachment.title</p><h3>Expressions</h3><table class="grid"><tr><td style="display: none">-</td><td><b>Description</b></td><td><b>Language</b></td><td><b>Expression</b></td></tr><tr><td style="display: none">*</td><td>The reminder message.</td><td>text/cql</td><td>Reminder Message for IPV dose</td></tr></table></blockquote><blockquote><p><b>dynamicValue</b></p><p><b>path</b>: payload.contentAttachment.language</p><h3>Expressions</h3><table class="grid"><tr><td style="display: none">-</td><td><b>Description</b></td><td><b>Language</b></td><td><b>Expression</b></td></tr><tr><td style="display: none">*</td><td>The language of the reminder.</td><td>text/cql</td><td>'en-US'</td></tr></table></blockquote><blockquote><p><b>dynamicValue</b></p><p><b>path</b>: payload.contentAttachment.contentType</p><h3>Expressions</h3><table class="grid"><tr><td style="display: none">-</td><td><b>Description</b></td><td><b>Language</b></td><td><b>Expression</b></td></tr><tr><td style="display: none">*</td><td>The contentType of the reminder.</td><td>text/cql</td><td>'text/plain'</td></tr></table></blockquote><blockquote><p><b>dynamicValue</b></p><p><b>path</b>: category</p><h3>Expressions</h3><table class="grid"><tr><td style="display: none">-</td><td><b>Language</b></td><td><b>Expression</b></td></tr><tr><td style="display: none">*</td><td>text/cql</td><td>Code { system: '1.3.6.1.4.1.19376.1.2.5.1', code: 'alert' }</td></tr></table></blockquote><blockquote><p><b>dynamicValue</b></p><p><b>path</b>: priority</p><h3>Expressions</h3><table class="grid"><tr><td style="display: none">-</td><td><b>Description</b></td><td><b>Language</b></td><td><b>Expression</b></td></tr><tr><td style="display: none">*</td><td>Reminder priority</td><td>text/cql</td><td>Code { system: 'http://hl7.org/fhir/request-priority', code: 'routine' }</td></tr></table></blockquote></div>
  </text>
  <url value="http://fhir.org/guides/who/smart-immunization/ActivityDefinition/IMMZ.DT.03.Polio.IPV.CR"/>
  <version value="0.1.0"/>
  <title value="IMMZ.DT.03.Polio.bOPV.CR"/>
  <status value="draft"/>
  <experimental value="true"/>
  <date value="2023-03-28"/>
  <publisher value="World Health Organization (WHO)"/>
  <contact>
    <telecom>
      <system value="url"/>
      <value value="https://who.int"/>
    </telecom>
  </contact>
  <description value="Provide IPV immunizations reminder"/>
  <jurisdiction>
    <coding>
      <system value="http://unstats.un.org/unsd/methods/m49/m49.htm"/>
      <code value="001"/>
    </coding>
  </jurisdiction>
  <library value="http://fhir.org/guides/who/smart-immunization/Library/IMMZDT03"/>
  <kind value="CommunicationRequest"/>
  <code>
    <coding>
      <system value="http://snomed.info/sct"/>
      <code value="33879002"/>
      <display value="Administration of vaccine to produce active immunity"/>
    </coding>
  </code>
  <intent value="proposal"/>
  <doNotPerform value="false"/>
  <dynamicValue>
    <path value="recipient"/>
    <expression>
      <description value="The reminder recipient."/>
      <language value="text/cql"/>
      <expression value="Polio Reminder Recipient"/>
    </expression>
  </dynamicValue>
  <dynamicValue>
    <path value="payload.contentAttachment.title"/>
    <expression>
      <description value="The reminder message."/>
      <language value="text/cql"/>
      <expression value="Reminder Message for IPV dose"/>
    </expression>
  </dynamicValue>
  <dynamicValue>
    <path value="payload.contentAttachment.language"/>
    <expression>
      <description value="The language of the reminder."/>
      <language value="text/cql"/>
      <expression value="'en-US'"/>
    </expression>
  </dynamicValue>
  <dynamicValue>
    <path value="payload.contentAttachment.contentType"/>
    <expression>
      <description value="The contentType of the reminder."/>
      <language value="text/cql"/>
      <expression value="'text/plain'"/>
    </expression>
  </dynamicValue>
  <dynamicValue>
    <path value="category"/>
    <expression>
      <language value="text/cql"/>
      <expression value="Code { system: '1.3.6.1.4.1.19376.1.2.5.1', code: 'alert' }"/>
    </expression>
  </dynamicValue>
  <dynamicValue>
    <path value="priority"/>
    <expression>
      <description value="Reminder priority"/>
      <language value="text/cql"/>
      <expression value="Code { system: 'http://hl7.org/fhir/request-priority', code: 'routine' }"/>
    </expression>
  </dynamicValue>
</ActivityDefinition>