{
  "resourceType" : "ActivityDefinition",
  "id" : "IMMZ.DT.02.HepatitisB.CR",
  "meta" : {
    "profile" : ["http://hl7.org/fhir/uv/cpg/StructureDefinition/cpg-immunizationactivity"]
  },
  "text" : {
    "status" : "generated",
    "div" : "<div xmlns=\"http://www.w3.org/1999/xhtml\"><p><b>Generated Narrative: ActivityDefinition</b><a name=\"IMMZ.DT.02.HepatitisB.CR\"> </a></p><div style=\"display: inline-block; background-color: #d9e0e7; padding: 6px; margin: 4px; border: 1px solid #8da1b4; border-radius: 5px; line-height: 60%\"><p style=\"margin-bottom: 0px\">Resource ActivityDefinition &quot;IMMZ.DT.02.HepatitisB.CR&quot; </p><p style=\"margin-bottom: 0px\">Profile: <code>http://hl7.org/fhir/uv/cpg/StructureDefinition/cpg-immunizationactivity</code></p></div><p><b>url</b>: <code>http://fhir.org/guides/who/smart-immunization/ActivityDefinition/IMMZ.DT.02.HepatitisB.CR</code></p><p><b>version</b>: 0.1.0</p><p><b>title</b>: IMMZ.DT.02.HepatitisB.CR</p><p><b>status</b>: draft</p><p><b>experimental</b>: true</p><p><b>date</b>: 2023-03-28</p><p><b>publisher</b>: World Health Organization (WHO)</p><p><b>contact</b>: <a href=\"https://who.int\">https://who.int</a></p><p><b>description</b>: Provide HepB immunizations reminder</p><p><b>jurisdiction</b>: Global (Whole world) <span style=\"background: LightGoldenRodYellow; margin: 4px; border: 1px solid khaki\"> (m49.htm#001)</span></p><p><b>library</b>: <a href=\"Library-library-IMMZDT02.html\">IMMZDT02</a></p><p><b>kind</b>: CommunicationRequest</p><p><b>code</b>: Administration of vaccine to produce active immunity <span style=\"background: LightGoldenRodYellow; margin: 4px; border: 1px solid khaki\"> (<a href=\"https://browser.ihtsdotools.org/\">SNOMED CT</a>#33879002)</span></p><p><b>intent</b>: proposal</p><p><b>doNotPerform</b>: false</p><blockquote><p><b>dynamicValue</b></p><p><b>path</b>: recipient</p><h3>Expressions</h3><table class=\"grid\"><tr><td style=\"display: none\">-</td><td><b>Description</b></td><td><b>Language</b></td><td><b>Expression</b></td></tr><tr><td style=\"display: none\">*</td><td>The reminder recipient.</td><td>text/cql</td><td>HepB Reminder Recipient</td></tr></table></blockquote><blockquote><p><b>dynamicValue</b></p><p><b>path</b>: payload.contentAttachment.title</p><h3>Expressions</h3><table class=\"grid\"><tr><td style=\"display: none\">-</td><td><b>Description</b></td><td><b>Language</b></td><td><b>Expression</b></td></tr><tr><td style=\"display: none\">*</td><td>The reminder message.</td><td>text/cql</td><td>Reminder Message for HepB dose</td></tr></table></blockquote><blockquote><p><b>dynamicValue</b></p><p><b>path</b>: payload.contentAttachment.language</p><h3>Expressions</h3><table class=\"grid\"><tr><td style=\"display: none\">-</td><td><b>Description</b></td><td><b>Language</b></td><td><b>Expression</b></td></tr><tr><td style=\"display: none\">*</td><td>The language of the reminder.</td><td>text/cql</td><td>'en-US'</td></tr></table></blockquote><blockquote><p><b>dynamicValue</b></p><p><b>path</b>: payload.contentAttachment.contentType</p><h3>Expressions</h3><table class=\"grid\"><tr><td style=\"display: none\">-</td><td><b>Description</b></td><td><b>Language</b></td><td><b>Expression</b></td></tr><tr><td style=\"display: none\">*</td><td>The contentType of the reminder.</td><td>text/cql</td><td>'text/plain'</td></tr></table></blockquote><blockquote><p><b>dynamicValue</b></p><p><b>path</b>: category</p><h3>Expressions</h3><table class=\"grid\"><tr><td style=\"display: none\">-</td><td><b>Language</b></td><td><b>Expression</b></td></tr><tr><td style=\"display: none\">*</td><td>text/cql</td><td>Code { system: '1.3.6.1.4.1.19376.1.2.5.1', code: 'alert' }</td></tr></table></blockquote><blockquote><p><b>dynamicValue</b></p><p><b>path</b>: priority</p><h3>Expressions</h3><table class=\"grid\"><tr><td style=\"display: none\">-</td><td><b>Description</b></td><td><b>Language</b></td><td><b>Expression</b></td></tr><tr><td style=\"display: none\">*</td><td>Reminder priority</td><td>text/cql</td><td>Code { system: 'http://hl7.org/fhir/request-priority', code: 'routine' }</td></tr></table></blockquote></div>"
  },
  "url" : "http://fhir.org/guides/who/smart-immunization/ActivityDefinition/IMMZ.DT.02.HepatitisB.CR",
  "version" : "0.1.0",
  "title" : "IMMZ.DT.02.HepatitisB.CR",
  "status" : "draft",
  "experimental" : true,
  "date" : "2023-03-28",
  "publisher" : "World Health Organization (WHO)",
  "contact" : [{
    "telecom" : [{
      "system" : "url",
      "value" : "https://who.int"
    }]
  }],
  "description" : "Provide HepB immunizations reminder",
  "jurisdiction" : [{
    "coding" : [{
      "system" : "http://unstats.un.org/unsd/methods/m49/m49.htm",
      "code" : "001"
    }]
  }],
  "library" : ["http://fhir.org/guides/who/smart-immunization/Library/IMMZDT02"],
  "kind" : "CommunicationRequest",
  "code" : {
    "coding" : [{
      "system" : "http://snomed.info/sct",
      "code" : "33879002",
      "display" : "Administration of vaccine to produce active immunity"
    }]
  },
  "intent" : "proposal",
  "doNotPerform" : false,
  "dynamicValue" : [{
    "path" : "recipient",
    "expression" : {
      "description" : "The reminder recipient.",
      "language" : "text/cql",
      "expression" : "HepB Reminder Recipient"
    }
  },
  {
    "path" : "payload.contentAttachment.title",
    "expression" : {
      "description" : "The reminder message.",
      "language" : "text/cql",
      "expression" : "Reminder Message for HepB dose"
    }
  },
  {
    "path" : "payload.contentAttachment.language",
    "expression" : {
      "description" : "The language of the reminder.",
      "language" : "text/cql",
      "expression" : "'en-US'"
    }
  },
  {
    "path" : "payload.contentAttachment.contentType",
    "expression" : {
      "description" : "The contentType of the reminder.",
      "language" : "text/cql",
      "expression" : "'text/plain'"
    }
  },
  {
    "path" : "category",
    "expression" : {
      "language" : "text/cql",
      "expression" : "Code { system: '1.3.6.1.4.1.19376.1.2.5.1', code: 'alert' }"
    }
  },
  {
    "path" : "priority",
    "expression" : {
      "description" : "Reminder priority",
      "language" : "text/cql",
      "expression" : "Code { system: 'http://hl7.org/fhir/request-priority', code: 'routine' }"
    }
  }]
}