{"resourceType":"PlanDefinition","id":"IMMZ.DT.14.Typhoid","url":"http://fhir.org/guides/who/smart-immunization/PlanDefinition/IMMZ.DT.14.Typhoid","version":"0.1.0","name":"IMMZ.DT.14.Typhoid","title":"IMMZ.DT.14.Typhoid","status":"draft","date":"2023-07-13T20:19:41+00:00","publisher":"World Health Organization (WHO)","description":"If child or person has not been vaccinated, give the Typhoid vaccine between age 6 months - 45 years old","jurisdiction":[{"coding":[{"system":"http://unstats.un.org/unsd/methods/m49/m49.htm","code":"001"}]}],"library":["http://fhir.org/guides/who/smart-immunization/Library/IMMZDT14"],"action":[{"title":"Immunize Patient for Typhoid","description":"Provide Typhoid immunizations","condition":[{"kind":"applicability","expression":{"description":"Provision of the Typhoid dose","language":"text/cql","expression":"Provision of the Typhoid dose"}}],"definitionCanonical":"http://fhir.org/guides/who/smart-immunization/ActivityDefinition/IMMZ.DT.14.Typhoid.01"}]}