<?xml version="1.0" encoding="UTF-8"?><ActivityDefinition xmlns="http://hl7.org/fhir"><id value="IMMZ.DT.01.BCG.CR"/><meta><profile value="http://hl7.org/fhir/uv/cpg/StructureDefinition/cpg-immunizationactivity"/></meta><url value="http://fhir.org/guides/who/smart-immunization/ActivityDefinition/IMMZ.DT.01.BCG.CR"/><version value="0.1.0"/><title value="IMMZ.DT.01.BCG.CR"/><status value="draft"/><experimental value="true"/><date value="2023-03-28"/><publisher value="World Health Organization (WHO)"/><contact><telecom><system value="url"/><value value="https://who.int"/></telecom></contact><description value="Provide BCG immunizations reminder"/><jurisdiction><coding><system value="http://unstats.un.org/unsd/methods/m49/m49.htm"/><code value="001"/></coding></jurisdiction><library value="http://fhir.org/guides/who/smart-immunization/Library/IMMZDT01"/><kind value="CommunicationRequest"/><code><coding><system value="http://snomed.info/sct"/><code value="33879002"/><display value="Administration of vaccine to produce active immunity"/></coding></code><intent value="proposal"/><doNotPerform value="false"/><dynamicValue><path value="recipient"/><expression><description value="The reminder recipient."/><language value="text/cql"/><expression value="BCG Reminder Recipient"/></expression></dynamicValue><dynamicValue><path value="payload.contentAttachment.title"/><expression><description value="The reminder message."/><language value="text/cql"/><expression value="Reminder Message for BCG dose"/></expression></dynamicValue><dynamicValue><path value="payload.contentAttachment.language"/><expression><description value="The language of the reminder."/><language value="text/cql"/><expression value="'en-US'"/></expression></dynamicValue><dynamicValue><path value="payload.contentAttachment.contentType"/><expression><description value="The contentType of the reminder."/><language value="text/cql"/><expression value="'text/plain'"/></expression></dynamicValue><dynamicValue><path value="category"/><expression><language value="text/cql"/><expression value="Code { system: '1.3.6.1.4.1.19376.1.2.5.1', code: 'alert' }"/></expression></dynamicValue><dynamicValue><path value="priority"/><expression><description value="Reminder priority"/><language value="text/cql"/><expression value="Code { system: 'http://hl7.org/fhir/request-priority', code: 'routine' }"/></expression></dynamicValue></ActivityDefinition>