{
  "library" : {
    "type" : "Library",
    "identifier" : {
      "type" : "VersionedIdentifier",
      "id" : "IMMZDT21",
      "system" : "http://fhir.org/guides/who/smart-immunization"
    },
    "schemaIdentifier" : {
      "type" : "VersionedIdentifier",
      "id" : "urn:hl7-org:elm",
      "version" : "r1"
    },
    "usings" : {
      "type" : "Library$Usings",
      "def" : [ {
        "type" : "UsingDef",
        "localIdentifier" : "System",
        "uri" : "urn:hl7-org:elm-types:r1"
      }, {
        "type" : "UsingDef",
        "annotation" : [ {
          "s" : {
            "s" : [ {
              "name" : "{urn:hl7-org:cql-annotations:r1}s",
              "declaredType" : "org.hl7.cql_annotations.r1.Narrative",
              "scope" : "javax.xml.bind.JAXBElement$GlobalScope",
              "value" : {
                "s" : [ "// Start Skeleton CQL\n", "using " ]
              },
              "nil" : false,
              "globalScope" : true,
              "typeSubstituted" : false
            }, {
              "name" : "{urn:hl7-org:cql-annotations:r1}s",
              "declaredType" : "org.hl7.cql_annotations.r1.Narrative",
              "scope" : "javax.xml.bind.JAXBElement$GlobalScope",
              "value" : {
                "s" : [ {
                  "name" : "{urn:hl7-org:cql-annotations:r1}s",
                  "declaredType" : "org.hl7.cql_annotations.r1.Narrative",
                  "scope" : "javax.xml.bind.JAXBElement$GlobalScope",
                  "value" : {
                    "s" : [ "FHIR" ]
                  },
                  "nil" : false,
                  "globalScope" : true,
                  "typeSubstituted" : false
                } ]
              },
              "nil" : false,
              "globalScope" : true,
              "typeSubstituted" : false
            }, {
              "name" : "{urn:hl7-org:cql-annotations:r1}s",
              "declaredType" : "org.hl7.cql_annotations.r1.Narrative",
              "scope" : "javax.xml.bind.JAXBElement$GlobalScope",
              "value" : {
                "s" : [ " version ", "'4.0.1'" ]
              },
              "nil" : false,
              "globalScope" : true,
              "typeSubstituted" : false
            } ],
            "r" : "1"
          }
        } ],
        "localId" : "1",
        "locator" : "8:1-8:26",
        "localIdentifier" : "FHIR",
        "uri" : "http://hl7.org/fhir",
        "version" : "4.0.1"
      } ]
    },
    "includes" : {
      "type" : "Library$Includes",
      "def" : [ {
        "type" : "IncludeDef",
        "annotation" : [ {
          "s" : {
            "s" : [ {
              "name" : "{urn:hl7-org:cql-annotations:r1}s",
              "declaredType" : "org.hl7.cql_annotations.r1.Narrative",
              "scope" : "javax.xml.bind.JAXBElement$GlobalScope",
              "value" : {
                "s" : [ "", "include " ]
              },
              "nil" : false,
              "globalScope" : true,
              "typeSubstituted" : false
            }, {
              "name" : "{urn:hl7-org:cql-annotations:r1}s",
              "declaredType" : "org.hl7.cql_annotations.r1.Narrative",
              "scope" : "javax.xml.bind.JAXBElement$GlobalScope",
              "value" : {
                "s" : [ {
                  "name" : "{urn:hl7-org:cql-annotations:r1}s",
                  "declaredType" : "org.hl7.cql_annotations.r1.Narrative",
                  "scope" : "javax.xml.bind.JAXBElement$GlobalScope",
                  "value" : {
                    "s" : [ "FHIRHelpers" ]
                  },
                  "nil" : false,
                  "globalScope" : true,
                  "typeSubstituted" : false
                } ]
              },
              "nil" : false,
              "globalScope" : true,
              "typeSubstituted" : false
            }, {
              "name" : "{urn:hl7-org:cql-annotations:r1}s",
              "declaredType" : "org.hl7.cql_annotations.r1.Narrative",
              "scope" : "javax.xml.bind.JAXBElement$GlobalScope",
              "value" : {
                "s" : [ " version ", "'4.0.1'" ]
              },
              "nil" : false,
              "globalScope" : true,
              "typeSubstituted" : false
            } ],
            "r" : "2"
          }
        } ],
        "localId" : "2",
        "locator" : "9:1-9:35",
        "localIdentifier" : "FHIRHelpers",
        "path" : "http://fhir.org/guides/who/smart-immunization/FHIRHelpers",
        "version" : "4.0.1"
      }, {
        "type" : "IncludeDef",
        "annotation" : [ {
          "s" : {
            "s" : [ {
              "name" : "{urn:hl7-org:cql-annotations:r1}s",
              "declaredType" : "org.hl7.cql_annotations.r1.Narrative",
              "scope" : "javax.xml.bind.JAXBElement$GlobalScope",
              "value" : {
                "s" : [ "", "include " ]
              },
              "nil" : false,
              "globalScope" : true,
              "typeSubstituted" : false
            }, {
              "name" : "{urn:hl7-org:cql-annotations:r1}s",
              "declaredType" : "org.hl7.cql_annotations.r1.Narrative",
              "scope" : "javax.xml.bind.JAXBElement$GlobalScope",
              "value" : {
                "s" : [ {
                  "name" : "{urn:hl7-org:cql-annotations:r1}s",
                  "declaredType" : "org.hl7.cql_annotations.r1.Narrative",
                  "scope" : "javax.xml.bind.JAXBElement$GlobalScope",
                  "value" : {
                    "s" : [ "IMMZCommon" ]
                  },
                  "nil" : false,
                  "globalScope" : true,
                  "typeSubstituted" : false
                } ]
              },
              "nil" : false,
              "globalScope" : true,
              "typeSubstituted" : false
            }, {
              "name" : "{urn:hl7-org:cql-annotations:r1}s",
              "declaredType" : "org.hl7.cql_annotations.r1.Narrative",
              "scope" : "javax.xml.bind.JAXBElement$GlobalScope",
              "value" : {
                "s" : [ " called ", "IMMZCom" ]
              },
              "nil" : false,
              "globalScope" : true,
              "typeSubstituted" : false
            } ],
            "r" : "3"
          }
        } ],
        "localId" : "3",
        "locator" : "10:1-10:33",
        "localIdentifier" : "IMMZCom",
        "path" : "http://fhir.org/guides/who/smart-immunization/IMMZCommon"
      }, {
        "type" : "IncludeDef",
        "annotation" : [ {
          "s" : {
            "s" : [ {
              "name" : "{urn:hl7-org:cql-annotations:r1}s",
              "declaredType" : "org.hl7.cql_annotations.r1.Narrative",
              "scope" : "javax.xml.bind.JAXBElement$GlobalScope",
              "value" : {
                "s" : [ "", "include " ]
              },
              "nil" : false,
              "globalScope" : true,
              "typeSubstituted" : false
            }, {
              "name" : "{urn:hl7-org:cql-annotations:r1}s",
              "declaredType" : "org.hl7.cql_annotations.r1.Narrative",
              "scope" : "javax.xml.bind.JAXBElement$GlobalScope",
              "value" : {
                "s" : [ {
                  "name" : "{urn:hl7-org:cql-annotations:r1}s",
                  "declaredType" : "org.hl7.cql_annotations.r1.Narrative",
                  "scope" : "javax.xml.bind.JAXBElement$GlobalScope",
                  "value" : {
                    "s" : [ "IMMZConcepts" ]
                  },
                  "nil" : false,
                  "globalScope" : true,
                  "typeSubstituted" : false
                } ]
              },
              "nil" : false,
              "globalScope" : true,
              "typeSubstituted" : false
            }, {
              "name" : "{urn:hl7-org:cql-annotations:r1}s",
              "declaredType" : "org.hl7.cql_annotations.r1.Narrative",
              "scope" : "javax.xml.bind.JAXBElement$GlobalScope",
              "value" : {
                "s" : [ " called ", "IMMZc" ]
              },
              "nil" : false,
              "globalScope" : true,
              "typeSubstituted" : false
            } ],
            "r" : "4"
          }
        } ],
        "localId" : "4",
        "locator" : "11:1-11:33",
        "localIdentifier" : "IMMZc",
        "path" : "http://fhir.org/guides/who/smart-immunization/IMMZConcepts"
      }, {
        "type" : "IncludeDef",
        "annotation" : [ {
          "s" : {
            "s" : [ {
              "name" : "{urn:hl7-org:cql-annotations:r1}s",
              "declaredType" : "org.hl7.cql_annotations.r1.Narrative",
              "scope" : "javax.xml.bind.JAXBElement$GlobalScope",
              "value" : {
                "s" : [ "", "include " ]
              },
              "nil" : false,
              "globalScope" : true,
              "typeSubstituted" : false
            }, {
              "name" : "{urn:hl7-org:cql-annotations:r1}s",
              "declaredType" : "org.hl7.cql_annotations.r1.Narrative",
              "scope" : "javax.xml.bind.JAXBElement$GlobalScope",
              "value" : {
                "s" : [ {
                  "name" : "{urn:hl7-org:cql-annotations:r1}s",
                  "declaredType" : "org.hl7.cql_annotations.r1.Narrative",
                  "scope" : "javax.xml.bind.JAXBElement$GlobalScope",
                  "value" : {
                    "s" : [ "IMMZConfig" ]
                  },
                  "nil" : false,
                  "globalScope" : true,
                  "typeSubstituted" : false
                } ]
              },
              "nil" : false,
              "globalScope" : true,
              "typeSubstituted" : false
            }, {
              "name" : "{urn:hl7-org:cql-annotations:r1}s",
              "declaredType" : "org.hl7.cql_annotations.r1.Narrative",
              "scope" : "javax.xml.bind.JAXBElement$GlobalScope",
              "value" : {
                "s" : [ " called ", "IMMZCon" ]
              },
              "nil" : false,
              "globalScope" : true,
              "typeSubstituted" : false
            } ],
            "r" : "5"
          }
        } ],
        "localId" : "5",
        "locator" : "12:1-12:33",
        "localIdentifier" : "IMMZCon",
        "path" : "http://fhir.org/guides/who/smart-immunization/IMMZConfig"
      }, {
        "type" : "IncludeDef",
        "annotation" : [ {
          "s" : {
            "s" : [ {
              "name" : "{urn:hl7-org:cql-annotations:r1}s",
              "declaredType" : "org.hl7.cql_annotations.r1.Narrative",
              "scope" : "javax.xml.bind.JAXBElement$GlobalScope",
              "value" : {
                "s" : [ "", "include " ]
              },
              "nil" : false,
              "globalScope" : true,
              "typeSubstituted" : false
            }, {
              "name" : "{urn:hl7-org:cql-annotations:r1}s",
              "declaredType" : "org.hl7.cql_annotations.r1.Narrative",
              "scope" : "javax.xml.bind.JAXBElement$GlobalScope",
              "value" : {
                "s" : [ {
                  "name" : "{urn:hl7-org:cql-annotations:r1}s",
                  "declaredType" : "org.hl7.cql_annotations.r1.Narrative",
                  "scope" : "javax.xml.bind.JAXBElement$GlobalScope",
                  "value" : {
                    "s" : [ "IMMZVaccineLibrary" ]
                  },
                  "nil" : false,
                  "globalScope" : true,
                  "typeSubstituted" : false
                } ]
              },
              "nil" : false,
              "globalScope" : true,
              "typeSubstituted" : false
            }, {
              "name" : "{urn:hl7-org:cql-annotations:r1}s",
              "declaredType" : "org.hl7.cql_annotations.r1.Narrative",
              "scope" : "javax.xml.bind.JAXBElement$GlobalScope",
              "value" : {
                "s" : [ " called ", "IMMZvl" ]
              },
              "nil" : false,
              "globalScope" : true,
              "typeSubstituted" : false
            } ],
            "r" : "6"
          }
        } ],
        "localId" : "6",
        "locator" : "13:1-13:40",
        "localIdentifier" : "IMMZvl",
        "path" : "http://fhir.org/guides/who/smart-immunization/IMMZVaccineLibrary"
      } ]
    },
    "statements" : {
      "type" : "Library$Statements",
      "def" : [ {
        "type" : "ExpressionDef",
        "expression" : {
          "type" : "SingletonFrom",
          "operand" : {
            "type" : "Retrieve",
            "locator" : "15:1-15:15",
            "dataType" : "{http://hl7.org/fhir}Patient",
            "templateId" : "http://hl7.org/fhir/StructureDefinition/Patient"
          }
        },
        "locator" : "15:1-15:15",
        "name" : "Patient",
        "context" : "Patient"
      }, {
        "type" : "ExpressionDef",
        "expression" : {
          "type" : "And",
          "operand" : [ {
            "type" : "ExpressionRef",
            "localId" : "8",
            "locator" : "29:2-29:62",
            "name" : "No Seasonal Influenza Doses Administered to Patient",
            "libraryName" : "IMMZCom"
          }, {
            "type" : "GreaterOrEqual",
            "operand" : [ {
              "type" : "ExpressionRef",
              "localId" : "10",
              "locator" : "30:2-30:40",
              "name" : "Current Patient Age In Months",
              "libraryName" : "IMMZCom"
            }, {
              "type" : "Literal",
              "localId" : "11",
              "locator" : "30:45",
              "valueType" : "{urn:hl7-org:elm-types:r1}Integer",
              "value" : "6"
            } ],
            "localId" : "12",
            "locator" : "30:2-30:45"
          } ],
          "localId" : "13",
          "locator" : "29:2-30:45"
        },
        "annotation" : [ {
          "s" : {
            "s" : [ {
              "name" : "{urn:hl7-org:cql-annotations:r1}s",
              "declaredType" : "org.hl7.cql_annotations.r1.Narrative",
              "scope" : "javax.xml.bind.JAXBElement$GlobalScope",
              "value" : {
                "s" : [ "/*\n * Rule: Should vaccinate patient for Seasonal influenza because no doses at 6 months old in a 2 dose scheme\n * Annotations:\n * \t - Provide Seasonal influenza immunizations – using the \"Seasonal influenza vaccine immunization – NO PREVIOUS\"\n * Outputs:\n * \t - Immunize Patient for Seasonal influenza - No Doses at 6 months old\n * References:\n * \t- WHO recommendations for routine immunization - summary tables: https://www.who.int/teams/immunization-vaccines-and-biologicals/policies/who-recommendations-for-routine-immunization---summary-tables\n * Logic:\n *\t ((\"Seasonal influenza vaccine immunization history\" = \"No-doses\") and (\"Age\" >= \"6 months\"))\n */\n", "define ", "\"Should vaccinate patient for Seasonal influenza because no doses at 6 months old in a 2 dose scheme\"", ":\n\t" ]
              },
              "nil" : false,
              "globalScope" : true,
              "typeSubstituted" : false
            }, {
              "name" : "{urn:hl7-org:cql-annotations:r1}s",
              "declaredType" : "org.hl7.cql_annotations.r1.Narrative",
              "scope" : "javax.xml.bind.JAXBElement$GlobalScope",
              "value" : {
                "s" : [ {
                  "name" : "{urn:hl7-org:cql-annotations:r1}s",
                  "declaredType" : "org.hl7.cql_annotations.r1.Narrative",
                  "scope" : "javax.xml.bind.JAXBElement$GlobalScope",
                  "value" : {
                    "s" : [ {
                      "name" : "{urn:hl7-org:cql-annotations:r1}s",
                      "declaredType" : "org.hl7.cql_annotations.r1.Narrative",
                      "scope" : "javax.xml.bind.JAXBElement$GlobalScope",
                      "value" : {
                        "s" : [ {
                          "name" : "{urn:hl7-org:cql-annotations:r1}s",
                          "declaredType" : "org.hl7.cql_annotations.r1.Narrative",
                          "scope" : "javax.xml.bind.JAXBElement$GlobalScope",
                          "value" : {
                            "s" : [ "IMMZCom" ]
                          },
                          "nil" : false,
                          "globalScope" : true,
                          "typeSubstituted" : false
                        } ],
                        "r" : "7"
                      },
                      "nil" : false,
                      "globalScope" : true,
                      "typeSubstituted" : false
                    }, {
                      "name" : "{urn:hl7-org:cql-annotations:r1}s",
                      "declaredType" : "org.hl7.cql_annotations.r1.Narrative",
                      "scope" : "javax.xml.bind.JAXBElement$GlobalScope",
                      "value" : {
                        "s" : [ "." ]
                      },
                      "nil" : false,
                      "globalScope" : true,
                      "typeSubstituted" : false
                    }, {
                      "name" : "{urn:hl7-org:cql-annotations:r1}s",
                      "declaredType" : "org.hl7.cql_annotations.r1.Narrative",
                      "scope" : "javax.xml.bind.JAXBElement$GlobalScope",
                      "value" : {
                        "s" : [ {
                          "name" : "{urn:hl7-org:cql-annotations:r1}s",
                          "declaredType" : "org.hl7.cql_annotations.r1.Narrative",
                          "scope" : "javax.xml.bind.JAXBElement$GlobalScope",
                          "value" : {
                            "s" : [ "\"No Seasonal Influenza Doses Administered to Patient\"" ]
                          },
                          "nil" : false,
                          "globalScope" : true,
                          "typeSubstituted" : false
                        } ],
                        "r" : "8"
                      },
                      "nil" : false,
                      "globalScope" : true,
                      "typeSubstituted" : false
                    } ],
                    "r" : "8"
                  },
                  "nil" : false,
                  "globalScope" : true,
                  "typeSubstituted" : false
                }, {
                  "name" : "{urn:hl7-org:cql-annotations:r1}s",
                  "declaredType" : "org.hl7.cql_annotations.r1.Narrative",
                  "scope" : "javax.xml.bind.JAXBElement$GlobalScope",
                  "value" : {
                    "s" : [ " and\n\t" ]
                  },
                  "nil" : false,
                  "globalScope" : true,
                  "typeSubstituted" : false
                }, {
                  "name" : "{urn:hl7-org:cql-annotations:r1}s",
                  "declaredType" : "org.hl7.cql_annotations.r1.Narrative",
                  "scope" : "javax.xml.bind.JAXBElement$GlobalScope",
                  "value" : {
                    "s" : [ {
                      "name" : "{urn:hl7-org:cql-annotations:r1}s",
                      "declaredType" : "org.hl7.cql_annotations.r1.Narrative",
                      "scope" : "javax.xml.bind.JAXBElement$GlobalScope",
                      "value" : {
                        "s" : [ {
                          "name" : "{urn:hl7-org:cql-annotations:r1}s",
                          "declaredType" : "org.hl7.cql_annotations.r1.Narrative",
                          "scope" : "javax.xml.bind.JAXBElement$GlobalScope",
                          "value" : {
                            "s" : [ {
                              "name" : "{urn:hl7-org:cql-annotations:r1}s",
                              "declaredType" : "org.hl7.cql_annotations.r1.Narrative",
                              "scope" : "javax.xml.bind.JAXBElement$GlobalScope",
                              "value" : {
                                "s" : [ "IMMZCom" ]
                              },
                              "nil" : false,
                              "globalScope" : true,
                              "typeSubstituted" : false
                            } ],
                            "r" : "9"
                          },
                          "nil" : false,
                          "globalScope" : true,
                          "typeSubstituted" : false
                        }, {
                          "name" : "{urn:hl7-org:cql-annotations:r1}s",
                          "declaredType" : "org.hl7.cql_annotations.r1.Narrative",
                          "scope" : "javax.xml.bind.JAXBElement$GlobalScope",
                          "value" : {
                            "s" : [ "." ]
                          },
                          "nil" : false,
                          "globalScope" : true,
                          "typeSubstituted" : false
                        }, {
                          "name" : "{urn:hl7-org:cql-annotations:r1}s",
                          "declaredType" : "org.hl7.cql_annotations.r1.Narrative",
                          "scope" : "javax.xml.bind.JAXBElement$GlobalScope",
                          "value" : {
                            "s" : [ {
                              "name" : "{urn:hl7-org:cql-annotations:r1}s",
                              "declaredType" : "org.hl7.cql_annotations.r1.Narrative",
                              "scope" : "javax.xml.bind.JAXBElement$GlobalScope",
                              "value" : {
                                "s" : [ "\"Current Patient Age In Months\"" ]
                              },
                              "nil" : false,
                              "globalScope" : true,
                              "typeSubstituted" : false
                            } ],
                            "r" : "10"
                          },
                          "nil" : false,
                          "globalScope" : true,
                          "typeSubstituted" : false
                        } ],
                        "r" : "10"
                      },
                      "nil" : false,
                      "globalScope" : true,
                      "typeSubstituted" : false
                    }, {
                      "name" : "{urn:hl7-org:cql-annotations:r1}s",
                      "declaredType" : "org.hl7.cql_annotations.r1.Narrative",
                      "scope" : "javax.xml.bind.JAXBElement$GlobalScope",
                      "value" : {
                        "s" : [ " ", ">=", " ", "6" ],
                        "r" : "11"
                      },
                      "nil" : false,
                      "globalScope" : true,
                      "typeSubstituted" : false
                    } ],
                    "r" : "12"
                  },
                  "nil" : false,
                  "globalScope" : true,
                  "typeSubstituted" : false
                } ],
                "r" : "13"
              },
              "nil" : false,
              "globalScope" : true,
              "typeSubstituted" : false
            } ],
            "r" : "14"
          }
        } ],
        "localId" : "14",
        "locator" : "28:1-30:45",
        "name" : "Should vaccinate patient for Seasonal influenza because no doses at 6 months old in a 2 dose scheme",
        "context" : "Patient",
        "accessLevel" : "Public"
      }, {
        "type" : "ExpressionDef",
        "expression" : {
          "type" : "And",
          "operand" : [ {
            "type" : "And",
            "operand" : [ {
              "type" : "Equal",
              "operand" : [ {
                "type" : "ExpressionRef",
                "localId" : "16",
                "locator" : "44:2-44:69",
                "name" : "Number of Seasonal Influenza Doses Administered to Patient",
                "libraryName" : "IMMZCom"
              }, {
                "type" : "Literal",
                "localId" : "17",
                "locator" : "44:73",
                "valueType" : "{urn:hl7-org:elm-types:r1}Integer",
                "value" : "1"
              } ],
              "localId" : "18",
              "locator" : "44:2-44:73"
            }, {
              "type" : "Before",
              "operand" : [ {
                "type" : "ExpressionRef",
                "localId" : "20",
                "locator" : "45:6-45:72",
                "name" : "Date Last Seasonal Influenza Dose Administered to Patient",
                "libraryName" : "IMMZCom"
              }, {
                "type" : "Subtract",
                "operand" : [ {
                  "type" : "Today",
                  "localId" : "21",
                  "locator" : "45:101-45:107"
                }, {
                  "type" : "Quantity",
                  "localId" : "22",
                  "locator" : "45:84-45:92",
                  "value" : 4,
                  "unit" : "weeks"
                } ],
                "locator" : "45:101-45:107"
              } ],
              "localId" : "23",
              "locator" : "45:6-45:107"
            } ],
            "localId" : "24",
            "locator" : "44:2-45:107"
          }, {
            "type" : "Less",
            "operand" : [ {
              "type" : "ExpressionRef",
              "localId" : "26",
              "locator" : "46:6-46:43",
              "name" : "Current Patient Age In Years",
              "libraryName" : "IMMZCom"
            }, {
              "type" : "Literal",
              "localId" : "27",
              "locator" : "46:47",
              "valueType" : "{urn:hl7-org:elm-types:r1}Integer",
              "value" : "9"
            } ],
            "localId" : "28",
            "locator" : "46:6-46:47"
          } ],
          "localId" : "29",
          "locator" : "44:2-46:47"
        },
        "annotation" : [ {
          "s" : {
            "s" : [ {
              "name" : "{urn:hl7-org:cql-annotations:r1}s",
              "declaredType" : "org.hl7.cql_annotations.r1.Narrative",
              "scope" : "javax.xml.bind.JAXBElement$GlobalScope",
              "value" : {
                "s" : [ "/*\n * Rule: Should vaccinate patient for Seasonal influenza because 1st dose was given 4 weeks ago in a 2 dose scheme\n * Annotations:\n * \t - Provide Seasonal influenza immunizations – using the \"Seasonal influenza vaccine immunization – 1 PREVIOUS\"\n * Outputs:\n * \t - Immunize Patient for Seasonal influenza - 1st Dose given 4 weeks ago\n * References:\n * \t- WHO recommendations for routine immunization - summary tables: https://www.who.int/teams/immunization-vaccines-and-biologicals/policies/who-recommendations-for-routine-immunization---summary-tables\n * Logic:\n *\t (((\"Seasonal influenza vaccine immunization history\" = \"1 dose\") and (\"Last dose given\" >= \"4 weeks ago\")) and (\"Age\" < \"9 years\"))\n */\n", "define ", "\"Should vaccinate patient for Seasonal influenza because 1st dose was given 4 weeks ago in a 2 dose scheme\"", ":\n\t" ]
              },
              "nil" : false,
              "globalScope" : true,
              "typeSubstituted" : false
            }, {
              "name" : "{urn:hl7-org:cql-annotations:r1}s",
              "declaredType" : "org.hl7.cql_annotations.r1.Narrative",
              "scope" : "javax.xml.bind.JAXBElement$GlobalScope",
              "value" : {
                "s" : [ {
                  "name" : "{urn:hl7-org:cql-annotations:r1}s",
                  "declaredType" : "org.hl7.cql_annotations.r1.Narrative",
                  "scope" : "javax.xml.bind.JAXBElement$GlobalScope",
                  "value" : {
                    "s" : [ {
                      "name" : "{urn:hl7-org:cql-annotations:r1}s",
                      "declaredType" : "org.hl7.cql_annotations.r1.Narrative",
                      "scope" : "javax.xml.bind.JAXBElement$GlobalScope",
                      "value" : {
                        "s" : [ {
                          "name" : "{urn:hl7-org:cql-annotations:r1}s",
                          "declaredType" : "org.hl7.cql_annotations.r1.Narrative",
                          "scope" : "javax.xml.bind.JAXBElement$GlobalScope",
                          "value" : {
                            "s" : [ {
                              "name" : "{urn:hl7-org:cql-annotations:r1}s",
                              "declaredType" : "org.hl7.cql_annotations.r1.Narrative",
                              "scope" : "javax.xml.bind.JAXBElement$GlobalScope",
                              "value" : {
                                "s" : [ {
                                  "name" : "{urn:hl7-org:cql-annotations:r1}s",
                                  "declaredType" : "org.hl7.cql_annotations.r1.Narrative",
                                  "scope" : "javax.xml.bind.JAXBElement$GlobalScope",
                                  "value" : {
                                    "s" : [ "IMMZCom" ]
                                  },
                                  "nil" : false,
                                  "globalScope" : true,
                                  "typeSubstituted" : false
                                } ],
                                "r" : "15"
                              },
                              "nil" : false,
                              "globalScope" : true,
                              "typeSubstituted" : false
                            }, {
                              "name" : "{urn:hl7-org:cql-annotations:r1}s",
                              "declaredType" : "org.hl7.cql_annotations.r1.Narrative",
                              "scope" : "javax.xml.bind.JAXBElement$GlobalScope",
                              "value" : {
                                "s" : [ "." ]
                              },
                              "nil" : false,
                              "globalScope" : true,
                              "typeSubstituted" : false
                            }, {
                              "name" : "{urn:hl7-org:cql-annotations:r1}s",
                              "declaredType" : "org.hl7.cql_annotations.r1.Narrative",
                              "scope" : "javax.xml.bind.JAXBElement$GlobalScope",
                              "value" : {
                                "s" : [ {
                                  "name" : "{urn:hl7-org:cql-annotations:r1}s",
                                  "declaredType" : "org.hl7.cql_annotations.r1.Narrative",
                                  "scope" : "javax.xml.bind.JAXBElement$GlobalScope",
                                  "value" : {
                                    "s" : [ "\"Number of Seasonal Influenza Doses Administered to Patient\"" ]
                                  },
                                  "nil" : false,
                                  "globalScope" : true,
                                  "typeSubstituted" : false
                                } ],
                                "r" : "16"
                              },
                              "nil" : false,
                              "globalScope" : true,
                              "typeSubstituted" : false
                            } ],
                            "r" : "16"
                          },
                          "nil" : false,
                          "globalScope" : true,
                          "typeSubstituted" : false
                        }, {
                          "name" : "{urn:hl7-org:cql-annotations:r1}s",
                          "declaredType" : "org.hl7.cql_annotations.r1.Narrative",
                          "scope" : "javax.xml.bind.JAXBElement$GlobalScope",
                          "value" : {
                            "s" : [ " ", "=", " ", "1" ],
                            "r" : "17"
                          },
                          "nil" : false,
                          "globalScope" : true,
                          "typeSubstituted" : false
                        } ],
                        "r" : "18"
                      },
                      "nil" : false,
                      "globalScope" : true,
                      "typeSubstituted" : false
                    }, {
                      "name" : "{urn:hl7-org:cql-annotations:r1}s",
                      "declaredType" : "org.hl7.cql_annotations.r1.Narrative",
                      "scope" : "javax.xml.bind.JAXBElement$GlobalScope",
                      "value" : {
                        "s" : [ "\n\tand " ]
                      },
                      "nil" : false,
                      "globalScope" : true,
                      "typeSubstituted" : false
                    }, {
                      "name" : "{urn:hl7-org:cql-annotations:r1}s",
                      "declaredType" : "org.hl7.cql_annotations.r1.Narrative",
                      "scope" : "javax.xml.bind.JAXBElement$GlobalScope",
                      "value" : {
                        "s" : [ {
                          "name" : "{urn:hl7-org:cql-annotations:r1}s",
                          "declaredType" : "org.hl7.cql_annotations.r1.Narrative",
                          "scope" : "javax.xml.bind.JAXBElement$GlobalScope",
                          "value" : {
                            "s" : [ {
                              "name" : "{urn:hl7-org:cql-annotations:r1}s",
                              "declaredType" : "org.hl7.cql_annotations.r1.Narrative",
                              "scope" : "javax.xml.bind.JAXBElement$GlobalScope",
                              "value" : {
                                "s" : [ {
                                  "name" : "{urn:hl7-org:cql-annotations:r1}s",
                                  "declaredType" : "org.hl7.cql_annotations.r1.Narrative",
                                  "scope" : "javax.xml.bind.JAXBElement$GlobalScope",
                                  "value" : {
                                    "s" : [ "IMMZCom" ]
                                  },
                                  "nil" : false,
                                  "globalScope" : true,
                                  "typeSubstituted" : false
                                } ],
                                "r" : "19"
                              },
                              "nil" : false,
                              "globalScope" : true,
                              "typeSubstituted" : false
                            }, {
                              "name" : "{urn:hl7-org:cql-annotations:r1}s",
                              "declaredType" : "org.hl7.cql_annotations.r1.Narrative",
                              "scope" : "javax.xml.bind.JAXBElement$GlobalScope",
                              "value" : {
                                "s" : [ "." ]
                              },
                              "nil" : false,
                              "globalScope" : true,
                              "typeSubstituted" : false
                            }, {
                              "name" : "{urn:hl7-org:cql-annotations:r1}s",
                              "declaredType" : "org.hl7.cql_annotations.r1.Narrative",
                              "scope" : "javax.xml.bind.JAXBElement$GlobalScope",
                              "value" : {
                                "s" : [ {
                                  "name" : "{urn:hl7-org:cql-annotations:r1}s",
                                  "declaredType" : "org.hl7.cql_annotations.r1.Narrative",
                                  "scope" : "javax.xml.bind.JAXBElement$GlobalScope",
                                  "value" : {
                                    "s" : [ "\"Date Last Seasonal Influenza Dose Administered to Patient\"" ]
                                  },
                                  "nil" : false,
                                  "globalScope" : true,
                                  "typeSubstituted" : false
                                } ],
                                "r" : "20"
                              },
                              "nil" : false,
                              "globalScope" : true,
                              "typeSubstituted" : false
                            } ],
                            "r" : "20"
                          },
                          "nil" : false,
                          "globalScope" : true,
                          "typeSubstituted" : false
                        }, {
                          "name" : "{urn:hl7-org:cql-annotations:r1}s",
                          "declaredType" : "org.hl7.cql_annotations.r1.Narrative",
                          "scope" : "javax.xml.bind.JAXBElement$GlobalScope",
                          "value" : {
                            "s" : [ " " ]
                          },
                          "nil" : false,
                          "globalScope" : true,
                          "typeSubstituted" : false
                        }, {
                          "name" : "{urn:hl7-org:cql-annotations:r1}s",
                          "declaredType" : "org.hl7.cql_annotations.r1.Narrative",
                          "scope" : "javax.xml.bind.JAXBElement$GlobalScope",
                          "value" : {
                            "s" : [ {
                              "name" : "{urn:hl7-org:cql-annotations:r1}s",
                              "declaredType" : "org.hl7.cql_annotations.r1.Narrative",
                              "scope" : "javax.xml.bind.JAXBElement$GlobalScope",
                              "value" : {
                                "s" : [ "more than " ]
                              },
                              "nil" : false,
                              "globalScope" : true,
                              "typeSubstituted" : false
                            }, {
                              "name" : "{urn:hl7-org:cql-annotations:r1}s",
                              "declaredType" : "org.hl7.cql_annotations.r1.Narrative",
                              "scope" : "javax.xml.bind.JAXBElement$GlobalScope",
                              "value" : {
                                "s" : [ {
                                  "name" : "{urn:hl7-org:cql-annotations:r1}s",
                                  "declaredType" : "org.hl7.cql_annotations.r1.Narrative",
                                  "scope" : "javax.xml.bind.JAXBElement$GlobalScope",
                                  "value" : {
                                    "s" : [ "4 ", "'weeks'" ]
                                  },
                                  "nil" : false,
                                  "globalScope" : true,
                                  "typeSubstituted" : false
                                } ],
                                "r" : "22"
                              },
                              "nil" : false,
                              "globalScope" : true,
                              "typeSubstituted" : false
                            }, {
                              "name" : "{urn:hl7-org:cql-annotations:r1}s",
                              "declaredType" : "org.hl7.cql_annotations.r1.Narrative",
                              "scope" : "javax.xml.bind.JAXBElement$GlobalScope",
                              "value" : {
                                "s" : [ " before" ]
                              },
                              "nil" : false,
                              "globalScope" : true,
                              "typeSubstituted" : false
                            } ],
                            "r" : "23"
                          },
                          "nil" : false,
                          "globalScope" : true,
                          "typeSubstituted" : false
                        }, {
                          "name" : "{urn:hl7-org:cql-annotations:r1}s",
                          "declaredType" : "org.hl7.cql_annotations.r1.Narrative",
                          "scope" : "javax.xml.bind.JAXBElement$GlobalScope",
                          "value" : {
                            "s" : [ " " ]
                          },
                          "nil" : false,
                          "globalScope" : true,
                          "typeSubstituted" : false
                        }, {
                          "name" : "{urn:hl7-org:cql-annotations:r1}s",
                          "declaredType" : "org.hl7.cql_annotations.r1.Narrative",
                          "scope" : "javax.xml.bind.JAXBElement$GlobalScope",
                          "value" : {
                            "s" : [ {
                              "name" : "{urn:hl7-org:cql-annotations:r1}s",
                              "declaredType" : "org.hl7.cql_annotations.r1.Narrative",
                              "scope" : "javax.xml.bind.JAXBElement$GlobalScope",
                              "value" : {
                                "s" : [ "Today", "()" ]
                              },
                              "nil" : false,
                              "globalScope" : true,
                              "typeSubstituted" : false
                            } ],
                            "r" : "21"
                          },
                          "nil" : false,
                          "globalScope" : true,
                          "typeSubstituted" : false
                        } ],
                        "r" : "23"
                      },
                      "nil" : false,
                      "globalScope" : true,
                      "typeSubstituted" : false
                    } ],
                    "r" : "24"
                  },
                  "nil" : false,
                  "globalScope" : true,
                  "typeSubstituted" : false
                }, {
                  "name" : "{urn:hl7-org:cql-annotations:r1}s",
                  "declaredType" : "org.hl7.cql_annotations.r1.Narrative",
                  "scope" : "javax.xml.bind.JAXBElement$GlobalScope",
                  "value" : {
                    "s" : [ "\n\tand " ]
                  },
                  "nil" : false,
                  "globalScope" : true,
                  "typeSubstituted" : false
                }, {
                  "name" : "{urn:hl7-org:cql-annotations:r1}s",
                  "declaredType" : "org.hl7.cql_annotations.r1.Narrative",
                  "scope" : "javax.xml.bind.JAXBElement$GlobalScope",
                  "value" : {
                    "s" : [ {
                      "name" : "{urn:hl7-org:cql-annotations:r1}s",
                      "declaredType" : "org.hl7.cql_annotations.r1.Narrative",
                      "scope" : "javax.xml.bind.JAXBElement$GlobalScope",
                      "value" : {
                        "s" : [ {
                          "name" : "{urn:hl7-org:cql-annotations:r1}s",
                          "declaredType" : "org.hl7.cql_annotations.r1.Narrative",
                          "scope" : "javax.xml.bind.JAXBElement$GlobalScope",
                          "value" : {
                            "s" : [ {
                              "name" : "{urn:hl7-org:cql-annotations:r1}s",
                              "declaredType" : "org.hl7.cql_annotations.r1.Narrative",
                              "scope" : "javax.xml.bind.JAXBElement$GlobalScope",
                              "value" : {
                                "s" : [ "IMMZCom" ]
                              },
                              "nil" : false,
                              "globalScope" : true,
                              "typeSubstituted" : false
                            } ],
                            "r" : "25"
                          },
                          "nil" : false,
                          "globalScope" : true,
                          "typeSubstituted" : false
                        }, {
                          "name" : "{urn:hl7-org:cql-annotations:r1}s",
                          "declaredType" : "org.hl7.cql_annotations.r1.Narrative",
                          "scope" : "javax.xml.bind.JAXBElement$GlobalScope",
                          "value" : {
                            "s" : [ "." ]
                          },
                          "nil" : false,
                          "globalScope" : true,
                          "typeSubstituted" : false
                        }, {
                          "name" : "{urn:hl7-org:cql-annotations:r1}s",
                          "declaredType" : "org.hl7.cql_annotations.r1.Narrative",
                          "scope" : "javax.xml.bind.JAXBElement$GlobalScope",
                          "value" : {
                            "s" : [ {
                              "name" : "{urn:hl7-org:cql-annotations:r1}s",
                              "declaredType" : "org.hl7.cql_annotations.r1.Narrative",
                              "scope" : "javax.xml.bind.JAXBElement$GlobalScope",
                              "value" : {
                                "s" : [ "\"Current Patient Age In Years\"" ]
                              },
                              "nil" : false,
                              "globalScope" : true,
                              "typeSubstituted" : false
                            } ],
                            "r" : "26"
                          },
                          "nil" : false,
                          "globalScope" : true,
                          "typeSubstituted" : false
                        } ],
                        "r" : "26"
                      },
                      "nil" : false,
                      "globalScope" : true,
                      "typeSubstituted" : false
                    }, {
                      "name" : "{urn:hl7-org:cql-annotations:r1}s",
                      "declaredType" : "org.hl7.cql_annotations.r1.Narrative",
                      "scope" : "javax.xml.bind.JAXBElement$GlobalScope",
                      "value" : {
                        "s" : [ " ", "<", " ", "9" ],
                        "r" : "27"
                      },
                      "nil" : false,
                      "globalScope" : true,
                      "typeSubstituted" : false
                    } ],
                    "r" : "28"
                  },
                  "nil" : false,
                  "globalScope" : true,
                  "typeSubstituted" : false
                } ],
                "r" : "29"
              },
              "nil" : false,
              "globalScope" : true,
              "typeSubstituted" : false
            } ],
            "r" : "30"
          }
        } ],
        "localId" : "30",
        "locator" : "43:1-46:47",
        "name" : "Should vaccinate patient for Seasonal influenza because 1st dose was given 4 weeks ago in a 2 dose scheme",
        "context" : "Patient",
        "accessLevel" : "Public"
      }, {
        "type" : "ExpressionDef",
        "expression" : {
          "type" : "Or",
          "operand" : [ {
            "type" : "And",
            "operand" : [ {
              "type" : "Less",
              "operand" : [ {
                "type" : "ExpressionRef",
                "localId" : "32",
                "locator" : "52:3-52:40",
                "name" : "Current Patient Age In Years",
                "libraryName" : "IMMZCom"
              }, {
                "type" : "Literal",
                "localId" : "33",
                "locator" : "52:44",
                "valueType" : "{urn:hl7-org:elm-types:r1}Integer",
                "value" : "9"
              } ],
              "localId" : "34",
              "locator" : "52:3-52:44"
            }, {
              "type" : "GreaterOrEqual",
              "operand" : [ {
                "type" : "ExpressionRef",
                "localId" : "36",
                "locator" : "53:7-53:74",
                "name" : "Number of Seasonal Influenza Doses Administered to Patient",
                "libraryName" : "IMMZCom"
              }, {
                "type" : "Literal",
                "localId" : "37",
                "locator" : "53:79",
                "valueType" : "{urn:hl7-org:elm-types:r1}Integer",
                "value" : "2"
              } ],
              "localId" : "38",
              "locator" : "53:7-53:79"
            } ],
            "localId" : "39",
            "locator" : "52:2-53:80"
          }, {
            "type" : "And",
            "operand" : [ {
              "type" : "GreaterOrEqual",
              "operand" : [ {
                "type" : "ExpressionRef",
                "localId" : "41",
                "locator" : "54:6-54:43",
                "name" : "Current Patient Age In Years",
                "libraryName" : "IMMZCom"
              }, {
                "type" : "Literal",
                "localId" : "42",
                "locator" : "54:48",
                "valueType" : "{urn:hl7-org:elm-types:r1}Integer",
                "value" : "9"
              } ],
              "localId" : "43",
              "locator" : "54:6-54:48"
            }, {
              "type" : "GreaterOrEqual",
              "operand" : [ {
                "type" : "ExpressionRef",
                "localId" : "45",
                "locator" : "55:6-55:73",
                "name" : "Number of Seasonal Influenza Doses Administered to Patient",
                "libraryName" : "IMMZCom"
              }, {
                "type" : "Literal",
                "localId" : "46",
                "locator" : "55:78",
                "valueType" : "{urn:hl7-org:elm-types:r1}Integer",
                "value" : "1"
              } ],
              "localId" : "47",
              "locator" : "55:6-55:78"
            } ],
            "localId" : "48",
            "locator" : "54:5-55:79"
          } ],
          "localId" : "49",
          "locator" : "52:2-55:79"
        },
        "annotation" : [ {
          "s" : {
            "s" : [ {
              "name" : "{urn:hl7-org:cql-annotations:r1}s",
              "declaredType" : "org.hl7.cql_annotations.r1.Narrative",
              "scope" : "javax.xml.bind.JAXBElement$GlobalScope",
              "value" : {
                "s" : [ "/**\n * Patient has completed primary series\n */\n", "define ", "\"Patient has completed Seasonal influenza primary series\"", ":\n\t" ]
              },
              "nil" : false,
              "globalScope" : true,
              "typeSubstituted" : false
            }, {
              "name" : "{urn:hl7-org:cql-annotations:r1}s",
              "declaredType" : "org.hl7.cql_annotations.r1.Narrative",
              "scope" : "javax.xml.bind.JAXBElement$GlobalScope",
              "value" : {
                "s" : [ {
                  "name" : "{urn:hl7-org:cql-annotations:r1}s",
                  "declaredType" : "org.hl7.cql_annotations.r1.Narrative",
                  "scope" : "javax.xml.bind.JAXBElement$GlobalScope",
                  "value" : {
                    "s" : [ {
                      "name" : "{urn:hl7-org:cql-annotations:r1}s",
                      "declaredType" : "org.hl7.cql_annotations.r1.Narrative",
                      "scope" : "javax.xml.bind.JAXBElement$GlobalScope",
                      "value" : {
                        "s" : [ "(" ]
                      },
                      "nil" : false,
                      "globalScope" : true,
                      "typeSubstituted" : false
                    }, {
                      "name" : "{urn:hl7-org:cql-annotations:r1}s",
                      "declaredType" : "org.hl7.cql_annotations.r1.Narrative",
                      "scope" : "javax.xml.bind.JAXBElement$GlobalScope",
                      "value" : {
                        "s" : [ {
                          "name" : "{urn:hl7-org:cql-annotations:r1}s",
                          "declaredType" : "org.hl7.cql_annotations.r1.Narrative",
                          "scope" : "javax.xml.bind.JAXBElement$GlobalScope",
                          "value" : {
                            "s" : [ {
                              "name" : "{urn:hl7-org:cql-annotations:r1}s",
                              "declaredType" : "org.hl7.cql_annotations.r1.Narrative",
                              "scope" : "javax.xml.bind.JAXBElement$GlobalScope",
                              "value" : {
                                "s" : [ {
                                  "name" : "{urn:hl7-org:cql-annotations:r1}s",
                                  "declaredType" : "org.hl7.cql_annotations.r1.Narrative",
                                  "scope" : "javax.xml.bind.JAXBElement$GlobalScope",
                                  "value" : {
                                    "s" : [ {
                                      "name" : "{urn:hl7-org:cql-annotations:r1}s",
                                      "declaredType" : "org.hl7.cql_annotations.r1.Narrative",
                                      "scope" : "javax.xml.bind.JAXBElement$GlobalScope",
                                      "value" : {
                                        "s" : [ "IMMZCom" ]
                                      },
                                      "nil" : false,
                                      "globalScope" : true,
                                      "typeSubstituted" : false
                                    } ],
                                    "r" : "31"
                                  },
                                  "nil" : false,
                                  "globalScope" : true,
                                  "typeSubstituted" : false
                                }, {
                                  "name" : "{urn:hl7-org:cql-annotations:r1}s",
                                  "declaredType" : "org.hl7.cql_annotations.r1.Narrative",
                                  "scope" : "javax.xml.bind.JAXBElement$GlobalScope",
                                  "value" : {
                                    "s" : [ "." ]
                                  },
                                  "nil" : false,
                                  "globalScope" : true,
                                  "typeSubstituted" : false
                                }, {
                                  "name" : "{urn:hl7-org:cql-annotations:r1}s",
                                  "declaredType" : "org.hl7.cql_annotations.r1.Narrative",
                                  "scope" : "javax.xml.bind.JAXBElement$GlobalScope",
                                  "value" : {
                                    "s" : [ {
                                      "name" : "{urn:hl7-org:cql-annotations:r1}s",
                                      "declaredType" : "org.hl7.cql_annotations.r1.Narrative",
                                      "scope" : "javax.xml.bind.JAXBElement$GlobalScope",
                                      "value" : {
                                        "s" : [ "\"Current Patient Age In Years\"" ]
                                      },
                                      "nil" : false,
                                      "globalScope" : true,
                                      "typeSubstituted" : false
                                    } ],
                                    "r" : "32"
                                  },
                                  "nil" : false,
                                  "globalScope" : true,
                                  "typeSubstituted" : false
                                } ],
                                "r" : "32"
                              },
                              "nil" : false,
                              "globalScope" : true,
                              "typeSubstituted" : false
                            }, {
                              "name" : "{urn:hl7-org:cql-annotations:r1}s",
                              "declaredType" : "org.hl7.cql_annotations.r1.Narrative",
                              "scope" : "javax.xml.bind.JAXBElement$GlobalScope",
                              "value" : {
                                "s" : [ " ", "<", " ", "9" ],
                                "r" : "33"
                              },
                              "nil" : false,
                              "globalScope" : true,
                              "typeSubstituted" : false
                            } ],
                            "r" : "34"
                          },
                          "nil" : false,
                          "globalScope" : true,
                          "typeSubstituted" : false
                        }, {
                          "name" : "{urn:hl7-org:cql-annotations:r1}s",
                          "declaredType" : "org.hl7.cql_annotations.r1.Narrative",
                          "scope" : "javax.xml.bind.JAXBElement$GlobalScope",
                          "value" : {
                            "s" : [ "\n\t\tand " ]
                          },
                          "nil" : false,
                          "globalScope" : true,
                          "typeSubstituted" : false
                        }, {
                          "name" : "{urn:hl7-org:cql-annotations:r1}s",
                          "declaredType" : "org.hl7.cql_annotations.r1.Narrative",
                          "scope" : "javax.xml.bind.JAXBElement$GlobalScope",
                          "value" : {
                            "s" : [ {
                              "name" : "{urn:hl7-org:cql-annotations:r1}s",
                              "declaredType" : "org.hl7.cql_annotations.r1.Narrative",
                              "scope" : "javax.xml.bind.JAXBElement$GlobalScope",
                              "value" : {
                                "s" : [ {
                                  "name" : "{urn:hl7-org:cql-annotations:r1}s",
                                  "declaredType" : "org.hl7.cql_annotations.r1.Narrative",
                                  "scope" : "javax.xml.bind.JAXBElement$GlobalScope",
                                  "value" : {
                                    "s" : [ {
                                      "name" : "{urn:hl7-org:cql-annotations:r1}s",
                                      "declaredType" : "org.hl7.cql_annotations.r1.Narrative",
                                      "scope" : "javax.xml.bind.JAXBElement$GlobalScope",
                                      "value" : {
                                        "s" : [ "IMMZCom" ]
                                      },
                                      "nil" : false,
                                      "globalScope" : true,
                                      "typeSubstituted" : false
                                    } ],
                                    "r" : "35"
                                  },
                                  "nil" : false,
                                  "globalScope" : true,
                                  "typeSubstituted" : false
                                }, {
                                  "name" : "{urn:hl7-org:cql-annotations:r1}s",
                                  "declaredType" : "org.hl7.cql_annotations.r1.Narrative",
                                  "scope" : "javax.xml.bind.JAXBElement$GlobalScope",
                                  "value" : {
                                    "s" : [ "." ]
                                  },
                                  "nil" : false,
                                  "globalScope" : true,
                                  "typeSubstituted" : false
                                }, {
                                  "name" : "{urn:hl7-org:cql-annotations:r1}s",
                                  "declaredType" : "org.hl7.cql_annotations.r1.Narrative",
                                  "scope" : "javax.xml.bind.JAXBElement$GlobalScope",
                                  "value" : {
                                    "s" : [ {
                                      "name" : "{urn:hl7-org:cql-annotations:r1}s",
                                      "declaredType" : "org.hl7.cql_annotations.r1.Narrative",
                                      "scope" : "javax.xml.bind.JAXBElement$GlobalScope",
                                      "value" : {
                                        "s" : [ "\"Number of Seasonal Influenza Doses Administered to Patient\"" ]
                                      },
                                      "nil" : false,
                                      "globalScope" : true,
                                      "typeSubstituted" : false
                                    } ],
                                    "r" : "36"
                                  },
                                  "nil" : false,
                                  "globalScope" : true,
                                  "typeSubstituted" : false
                                } ],
                                "r" : "36"
                              },
                              "nil" : false,
                              "globalScope" : true,
                              "typeSubstituted" : false
                            }, {
                              "name" : "{urn:hl7-org:cql-annotations:r1}s",
                              "declaredType" : "org.hl7.cql_annotations.r1.Narrative",
                              "scope" : "javax.xml.bind.JAXBElement$GlobalScope",
                              "value" : {
                                "s" : [ " ", ">=", " ", "2" ],
                                "r" : "37"
                              },
                              "nil" : false,
                              "globalScope" : true,
                              "typeSubstituted" : false
                            } ],
                            "r" : "38"
                          },
                          "nil" : false,
                          "globalScope" : true,
                          "typeSubstituted" : false
                        } ],
                        "r" : "39"
                      },
                      "nil" : false,
                      "globalScope" : true,
                      "typeSubstituted" : false
                    }, {
                      "name" : "{urn:hl7-org:cql-annotations:r1}s",
                      "declaredType" : "org.hl7.cql_annotations.r1.Narrative",
                      "scope" : "javax.xml.bind.JAXBElement$GlobalScope",
                      "value" : {
                        "s" : [ ")" ]
                      },
                      "nil" : false,
                      "globalScope" : true,
                      "typeSubstituted" : false
                    } ],
                    "r" : "39"
                  },
                  "nil" : false,
                  "globalScope" : true,
                  "typeSubstituted" : false
                }, {
                  "name" : "{urn:hl7-org:cql-annotations:r1}s",
                  "declaredType" : "org.hl7.cql_annotations.r1.Narrative",
                  "scope" : "javax.xml.bind.JAXBElement$GlobalScope",
                  "value" : {
                    "s" : [ "\n\tor " ]
                  },
                  "nil" : false,
                  "globalScope" : true,
                  "typeSubstituted" : false
                }, {
                  "name" : "{urn:hl7-org:cql-annotations:r1}s",
                  "declaredType" : "org.hl7.cql_annotations.r1.Narrative",
                  "scope" : "javax.xml.bind.JAXBElement$GlobalScope",
                  "value" : {
                    "s" : [ {
                      "name" : "{urn:hl7-org:cql-annotations:r1}s",
                      "declaredType" : "org.hl7.cql_annotations.r1.Narrative",
                      "scope" : "javax.xml.bind.JAXBElement$GlobalScope",
                      "value" : {
                        "s" : [ "(" ]
                      },
                      "nil" : false,
                      "globalScope" : true,
                      "typeSubstituted" : false
                    }, {
                      "name" : "{urn:hl7-org:cql-annotations:r1}s",
                      "declaredType" : "org.hl7.cql_annotations.r1.Narrative",
                      "scope" : "javax.xml.bind.JAXBElement$GlobalScope",
                      "value" : {
                        "s" : [ {
                          "name" : "{urn:hl7-org:cql-annotations:r1}s",
                          "declaredType" : "org.hl7.cql_annotations.r1.Narrative",
                          "scope" : "javax.xml.bind.JAXBElement$GlobalScope",
                          "value" : {
                            "s" : [ {
                              "name" : "{urn:hl7-org:cql-annotations:r1}s",
                              "declaredType" : "org.hl7.cql_annotations.r1.Narrative",
                              "scope" : "javax.xml.bind.JAXBElement$GlobalScope",
                              "value" : {
                                "s" : [ {
                                  "name" : "{urn:hl7-org:cql-annotations:r1}s",
                                  "declaredType" : "org.hl7.cql_annotations.r1.Narrative",
                                  "scope" : "javax.xml.bind.JAXBElement$GlobalScope",
                                  "value" : {
                                    "s" : [ {
                                      "name" : "{urn:hl7-org:cql-annotations:r1}s",
                                      "declaredType" : "org.hl7.cql_annotations.r1.Narrative",
                                      "scope" : "javax.xml.bind.JAXBElement$GlobalScope",
                                      "value" : {
                                        "s" : [ "IMMZCom" ]
                                      },
                                      "nil" : false,
                                      "globalScope" : true,
                                      "typeSubstituted" : false
                                    } ],
                                    "r" : "40"
                                  },
                                  "nil" : false,
                                  "globalScope" : true,
                                  "typeSubstituted" : false
                                }, {
                                  "name" : "{urn:hl7-org:cql-annotations:r1}s",
                                  "declaredType" : "org.hl7.cql_annotations.r1.Narrative",
                                  "scope" : "javax.xml.bind.JAXBElement$GlobalScope",
                                  "value" : {
                                    "s" : [ "." ]
                                  },
                                  "nil" : false,
                                  "globalScope" : true,
                                  "typeSubstituted" : false
                                }, {
                                  "name" : "{urn:hl7-org:cql-annotations:r1}s",
                                  "declaredType" : "org.hl7.cql_annotations.r1.Narrative",
                                  "scope" : "javax.xml.bind.JAXBElement$GlobalScope",
                                  "value" : {
                                    "s" : [ {
                                      "name" : "{urn:hl7-org:cql-annotations:r1}s",
                                      "declaredType" : "org.hl7.cql_annotations.r1.Narrative",
                                      "scope" : "javax.xml.bind.JAXBElement$GlobalScope",
                                      "value" : {
                                        "s" : [ "\"Current Patient Age In Years\"" ]
                                      },
                                      "nil" : false,
                                      "globalScope" : true,
                                      "typeSubstituted" : false
                                    } ],
                                    "r" : "41"
                                  },
                                  "nil" : false,
                                  "globalScope" : true,
                                  "typeSubstituted" : false
                                } ],
                                "r" : "41"
                              },
                              "nil" : false,
                              "globalScope" : true,
                              "typeSubstituted" : false
                            }, {
                              "name" : "{urn:hl7-org:cql-annotations:r1}s",
                              "declaredType" : "org.hl7.cql_annotations.r1.Narrative",
                              "scope" : "javax.xml.bind.JAXBElement$GlobalScope",
                              "value" : {
                                "s" : [ " ", ">=", " ", "9" ],
                                "r" : "42"
                              },
                              "nil" : false,
                              "globalScope" : true,
                              "typeSubstituted" : false
                            } ],
                            "r" : "43"
                          },
                          "nil" : false,
                          "globalScope" : true,
                          "typeSubstituted" : false
                        }, {
                          "name" : "{urn:hl7-org:cql-annotations:r1}s",
                          "declaredType" : "org.hl7.cql_annotations.r1.Narrative",
                          "scope" : "javax.xml.bind.JAXBElement$GlobalScope",
                          "value" : {
                            "s" : [ "\n\tand " ]
                          },
                          "nil" : false,
                          "globalScope" : true,
                          "typeSubstituted" : false
                        }, {
                          "name" : "{urn:hl7-org:cql-annotations:r1}s",
                          "declaredType" : "org.hl7.cql_annotations.r1.Narrative",
                          "scope" : "javax.xml.bind.JAXBElement$GlobalScope",
                          "value" : {
                            "s" : [ {
                              "name" : "{urn:hl7-org:cql-annotations:r1}s",
                              "declaredType" : "org.hl7.cql_annotations.r1.Narrative",
                              "scope" : "javax.xml.bind.JAXBElement$GlobalScope",
                              "value" : {
                                "s" : [ {
                                  "name" : "{urn:hl7-org:cql-annotations:r1}s",
                                  "declaredType" : "org.hl7.cql_annotations.r1.Narrative",
                                  "scope" : "javax.xml.bind.JAXBElement$GlobalScope",
                                  "value" : {
                                    "s" : [ {
                                      "name" : "{urn:hl7-org:cql-annotations:r1}s",
                                      "declaredType" : "org.hl7.cql_annotations.r1.Narrative",
                                      "scope" : "javax.xml.bind.JAXBElement$GlobalScope",
                                      "value" : {
                                        "s" : [ "IMMZCom" ]
                                      },
                                      "nil" : false,
                                      "globalScope" : true,
                                      "typeSubstituted" : false
                                    } ],
                                    "r" : "44"
                                  },
                                  "nil" : false,
                                  "globalScope" : true,
                                  "typeSubstituted" : false
                                }, {
                                  "name" : "{urn:hl7-org:cql-annotations:r1}s",
                                  "declaredType" : "org.hl7.cql_annotations.r1.Narrative",
                                  "scope" : "javax.xml.bind.JAXBElement$GlobalScope",
                                  "value" : {
                                    "s" : [ "." ]
                                  },
                                  "nil" : false,
                                  "globalScope" : true,
                                  "typeSubstituted" : false
                                }, {
                                  "name" : "{urn:hl7-org:cql-annotations:r1}s",
                                  "declaredType" : "org.hl7.cql_annotations.r1.Narrative",
                                  "scope" : "javax.xml.bind.JAXBElement$GlobalScope",
                                  "value" : {
                                    "s" : [ {
                                      "name" : "{urn:hl7-org:cql-annotations:r1}s",
                                      "declaredType" : "org.hl7.cql_annotations.r1.Narrative",
                                      "scope" : "javax.xml.bind.JAXBElement$GlobalScope",
                                      "value" : {
                                        "s" : [ "\"Number of Seasonal Influenza Doses Administered to Patient\"" ]
                                      },
                                      "nil" : false,
                                      "globalScope" : true,
                                      "typeSubstituted" : false
                                    } ],
                                    "r" : "45"
                                  },
                                  "nil" : false,
                                  "globalScope" : true,
                                  "typeSubstituted" : false
                                } ],
                                "r" : "45"
                              },
                              "nil" : false,
                              "globalScope" : true,
                              "typeSubstituted" : false
                            }, {
                              "name" : "{urn:hl7-org:cql-annotations:r1}s",
                              "declaredType" : "org.hl7.cql_annotations.r1.Narrative",
                              "scope" : "javax.xml.bind.JAXBElement$GlobalScope",
                              "value" : {
                                "s" : [ " ", ">=", " ", "1" ],
                                "r" : "46"
                              },
                              "nil" : false,
                              "globalScope" : true,
                              "typeSubstituted" : false
                            } ],
                            "r" : "47"
                          },
                          "nil" : false,
                          "globalScope" : true,
                          "typeSubstituted" : false
                        } ],
                        "r" : "48"
                      },
                      "nil" : false,
                      "globalScope" : true,
                      "typeSubstituted" : false
                    }, {
                      "name" : "{urn:hl7-org:cql-annotations:r1}s",
                      "declaredType" : "org.hl7.cql_annotations.r1.Narrative",
                      "scope" : "javax.xml.bind.JAXBElement$GlobalScope",
                      "value" : {
                        "s" : [ ")" ]
                      },
                      "nil" : false,
                      "globalScope" : true,
                      "typeSubstituted" : false
                    } ],
                    "r" : "48"
                  },
                  "nil" : false,
                  "globalScope" : true,
                  "typeSubstituted" : false
                } ],
                "r" : "49"
              },
              "nil" : false,
              "globalScope" : true,
              "typeSubstituted" : false
            } ],
            "r" : "50"
          }
        } ],
        "localId" : "50",
        "locator" : "51:1-55:79",
        "name" : "Patient has completed Seasonal influenza primary series",
        "context" : "Patient",
        "accessLevel" : "Public"
      }, {
        "type" : "ExpressionDef",
        "expression" : {
          "type" : "And",
          "operand" : [ {
            "type" : "ExpressionRef",
            "localId" : "51",
            "locator" : "69:2-69:58",
            "name" : "Patient has completed Seasonal influenza primary series"
          }, {
            "type" : "Before",
            "operand" : [ {
              "type" : "ExpressionRef",
              "localId" : "53",
              "locator" : "70:6-70:72",
              "name" : "Date Last Seasonal Influenza Dose Administered to Patient",
              "libraryName" : "IMMZCom"
            }, {
              "type" : "Subtract",
              "operand" : [ {
                "type" : "Today",
                "localId" : "54",
                "locator" : "70:100-70:106"
              }, {
                "type" : "Quantity",
                "localId" : "55",
                "locator" : "70:84-70:91",
                "value" : 1,
                "unit" : "year"
              } ],
              "locator" : "70:100-70:106"
            } ],
            "localId" : "56",
            "locator" : "70:6-70:106"
          } ],
          "localId" : "57",
          "locator" : "69:2-70:106"
        },
        "annotation" : [ {
          "s" : {
            "s" : [ {
              "name" : "{urn:hl7-org:cql-annotations:r1}s",
              "declaredType" : "org.hl7.cql_annotations.r1.Narrative",
              "scope" : "javax.xml.bind.JAXBElement$GlobalScope",
              "value" : {
                "s" : [ "/*\n * Rule: Should vaccinate patient for Seasonal influenza - Yearly booster dose\n * Annotations:\n * \t - Provide Seasonal influenza immunizations – using the \"Seasonal influenza vaccine immunization – Yearly booster dose\"\n * Outputs:\n * \t - Immunize Patient for Seasonal influenza - Yearly booster dose\n * References:\n * \t- WHO recommendations for routine immunization - summary tables: https://www.who.int/teams/immunization-vaccines-and-biologicals/policies/who-recommendations-for-routine-immunization---summary-tables\n * Logic:\n *\t (\"Seasonal influenza vaccine immunization last dose given\" >= \"1 year ago\")\n */\n", "define ", "\"Should vaccinate patient for Seasonal influenza - Yearly booster dose\"", ":\n\t" ]
              },
              "nil" : false,
              "globalScope" : true,
              "typeSubstituted" : false
            }, {
              "name" : "{urn:hl7-org:cql-annotations:r1}s",
              "declaredType" : "org.hl7.cql_annotations.r1.Narrative",
              "scope" : "javax.xml.bind.JAXBElement$GlobalScope",
              "value" : {
                "s" : [ {
                  "name" : "{urn:hl7-org:cql-annotations:r1}s",
                  "declaredType" : "org.hl7.cql_annotations.r1.Narrative",
                  "scope" : "javax.xml.bind.JAXBElement$GlobalScope",
                  "value" : {
                    "s" : [ {
                      "name" : "{urn:hl7-org:cql-annotations:r1}s",
                      "declaredType" : "org.hl7.cql_annotations.r1.Narrative",
                      "scope" : "javax.xml.bind.JAXBElement$GlobalScope",
                      "value" : {
                        "s" : [ "\"Patient has completed Seasonal influenza primary series\"" ]
                      },
                      "nil" : false,
                      "globalScope" : true,
                      "typeSubstituted" : false
                    } ],
                    "r" : "51"
                  },
                  "nil" : false,
                  "globalScope" : true,
                  "typeSubstituted" : false
                }, {
                  "name" : "{urn:hl7-org:cql-annotations:r1}s",
                  "declaredType" : "org.hl7.cql_annotations.r1.Narrative",
                  "scope" : "javax.xml.bind.JAXBElement$GlobalScope",
                  "value" : {
                    "s" : [ " \n\tand " ]
                  },
                  "nil" : false,
                  "globalScope" : true,
                  "typeSubstituted" : false
                }, {
                  "name" : "{urn:hl7-org:cql-annotations:r1}s",
                  "declaredType" : "org.hl7.cql_annotations.r1.Narrative",
                  "scope" : "javax.xml.bind.JAXBElement$GlobalScope",
                  "value" : {
                    "s" : [ {
                      "name" : "{urn:hl7-org:cql-annotations:r1}s",
                      "declaredType" : "org.hl7.cql_annotations.r1.Narrative",
                      "scope" : "javax.xml.bind.JAXBElement$GlobalScope",
                      "value" : {
                        "s" : [ {
                          "name" : "{urn:hl7-org:cql-annotations:r1}s",
                          "declaredType" : "org.hl7.cql_annotations.r1.Narrative",
                          "scope" : "javax.xml.bind.JAXBElement$GlobalScope",
                          "value" : {
                            "s" : [ {
                              "name" : "{urn:hl7-org:cql-annotations:r1}s",
                              "declaredType" : "org.hl7.cql_annotations.r1.Narrative",
                              "scope" : "javax.xml.bind.JAXBElement$GlobalScope",
                              "value" : {
                                "s" : [ "IMMZCom" ]
                              },
                              "nil" : false,
                              "globalScope" : true,
                              "typeSubstituted" : false
                            } ],
                            "r" : "52"
                          },
                          "nil" : false,
                          "globalScope" : true,
                          "typeSubstituted" : false
                        }, {
                          "name" : "{urn:hl7-org:cql-annotations:r1}s",
                          "declaredType" : "org.hl7.cql_annotations.r1.Narrative",
                          "scope" : "javax.xml.bind.JAXBElement$GlobalScope",
                          "value" : {
                            "s" : [ "." ]
                          },
                          "nil" : false,
                          "globalScope" : true,
                          "typeSubstituted" : false
                        }, {
                          "name" : "{urn:hl7-org:cql-annotations:r1}s",
                          "declaredType" : "org.hl7.cql_annotations.r1.Narrative",
                          "scope" : "javax.xml.bind.JAXBElement$GlobalScope",
                          "value" : {
                            "s" : [ {
                              "name" : "{urn:hl7-org:cql-annotations:r1}s",
                              "declaredType" : "org.hl7.cql_annotations.r1.Narrative",
                              "scope" : "javax.xml.bind.JAXBElement$GlobalScope",
                              "value" : {
                                "s" : [ "\"Date Last Seasonal Influenza Dose Administered to Patient\"" ]
                              },
                              "nil" : false,
                              "globalScope" : true,
                              "typeSubstituted" : false
                            } ],
                            "r" : "53"
                          },
                          "nil" : false,
                          "globalScope" : true,
                          "typeSubstituted" : false
                        } ],
                        "r" : "53"
                      },
                      "nil" : false,
                      "globalScope" : true,
                      "typeSubstituted" : false
                    }, {
                      "name" : "{urn:hl7-org:cql-annotations:r1}s",
                      "declaredType" : "org.hl7.cql_annotations.r1.Narrative",
                      "scope" : "javax.xml.bind.JAXBElement$GlobalScope",
                      "value" : {
                        "s" : [ " " ]
                      },
                      "nil" : false,
                      "globalScope" : true,
                      "typeSubstituted" : false
                    }, {
                      "name" : "{urn:hl7-org:cql-annotations:r1}s",
                      "declaredType" : "org.hl7.cql_annotations.r1.Narrative",
                      "scope" : "javax.xml.bind.JAXBElement$GlobalScope",
                      "value" : {
                        "s" : [ {
                          "name" : "{urn:hl7-org:cql-annotations:r1}s",
                          "declaredType" : "org.hl7.cql_annotations.r1.Narrative",
                          "scope" : "javax.xml.bind.JAXBElement$GlobalScope",
                          "value" : {
                            "s" : [ "more than " ]
                          },
                          "nil" : false,
                          "globalScope" : true,
                          "typeSubstituted" : false
                        }, {
                          "name" : "{urn:hl7-org:cql-annotations:r1}s",
                          "declaredType" : "org.hl7.cql_annotations.r1.Narrative",
                          "scope" : "javax.xml.bind.JAXBElement$GlobalScope",
                          "value" : {
                            "s" : [ {
                              "name" : "{urn:hl7-org:cql-annotations:r1}s",
                              "declaredType" : "org.hl7.cql_annotations.r1.Narrative",
                              "scope" : "javax.xml.bind.JAXBElement$GlobalScope",
                              "value" : {
                                "s" : [ "1 ", "'year'" ]
                              },
                              "nil" : false,
                              "globalScope" : true,
                              "typeSubstituted" : false
                            } ],
                            "r" : "55"
                          },
                          "nil" : false,
                          "globalScope" : true,
                          "typeSubstituted" : false
                        }, {
                          "name" : "{urn:hl7-org:cql-annotations:r1}s",
                          "declaredType" : "org.hl7.cql_annotations.r1.Narrative",
                          "scope" : "javax.xml.bind.JAXBElement$GlobalScope",
                          "value" : {
                            "s" : [ " before" ]
                          },
                          "nil" : false,
                          "globalScope" : true,
                          "typeSubstituted" : false
                        } ],
                        "r" : "56"
                      },
                      "nil" : false,
                      "globalScope" : true,
                      "typeSubstituted" : false
                    }, {
                      "name" : "{urn:hl7-org:cql-annotations:r1}s",
                      "declaredType" : "org.hl7.cql_annotations.r1.Narrative",
                      "scope" : "javax.xml.bind.JAXBElement$GlobalScope",
                      "value" : {
                        "s" : [ " " ]
                      },
                      "nil" : false,
                      "globalScope" : true,
                      "typeSubstituted" : false
                    }, {
                      "name" : "{urn:hl7-org:cql-annotations:r1}s",
                      "declaredType" : "org.hl7.cql_annotations.r1.Narrative",
                      "scope" : "javax.xml.bind.JAXBElement$GlobalScope",
                      "value" : {
                        "s" : [ {
                          "name" : "{urn:hl7-org:cql-annotations:r1}s",
                          "declaredType" : "org.hl7.cql_annotations.r1.Narrative",
                          "scope" : "javax.xml.bind.JAXBElement$GlobalScope",
                          "value" : {
                            "s" : [ "Today", "()" ]
                          },
                          "nil" : false,
                          "globalScope" : true,
                          "typeSubstituted" : false
                        } ],
                        "r" : "54"
                      },
                      "nil" : false,
                      "globalScope" : true,
                      "typeSubstituted" : false
                    } ],
                    "r" : "56"
                  },
                  "nil" : false,
                  "globalScope" : true,
                  "typeSubstituted" : false
                } ],
                "r" : "57"
              },
              "nil" : false,
              "globalScope" : true,
              "typeSubstituted" : false
            } ],
            "r" : "58"
          }
        } ],
        "localId" : "58",
        "locator" : "68:1-70:106",
        "name" : "Should vaccinate patient for Seasonal influenza - Yearly booster dose",
        "context" : "Patient",
        "accessLevel" : "Public"
      } ]
    },
    "annotation" : [ {
      "translatorVersion" : "1.4",
      "translatorOptions" : "EnableAnnotations,EnableLocators,DisableListDemotion,DisableListPromotion"
    }, {
      "s" : {
        "s" : [ {
          "name" : "{urn:hl7-org:cql-annotations:r1}s",
          "declaredType" : "org.hl7.cql_annotations.r1.Narrative",
          "scope" : "javax.xml.bind.JAXBElement$GlobalScope",
          "value" : {
            "s" : [ "/*\n * Library: IMMZDT21 (IMMZ.DT.21.SeasonalInfluenza)\n * Rule: If child or person has not been vaccinated, give Seasonal Influenza vaccine at 6 months of age, and then once a year. \n * Trigger: Patient has never had Seasonal Influenza vaccination, or missing doses in the vaccination schedule (once a year)\n */\n", "library IMMZDT21" ]
          },
          "nil" : false,
          "globalScope" : true,
          "typeSubstituted" : false
        } ],
        "r" : "58"
      }
    } ]
  }
}